Random_2_4,IdentityBlocks_2_4,One IdentityBlock_2_4,Xavier Uniform_2_4,Xavier Normal_2_4,Random_2_8,IdentityBlocks_2_8,One IdentityBlock_2_8,Xavier Uniform_2_8,Xavier Normal_2_8,Random_2_12,IdentityBlocks_2_12,One IdentityBlock_2_12,Xavier Uniform_2_12,Xavier Normal_2_12,Random_4_4,IdentityBlocks_4_4,One IdentityBlock_4_4,Xavier Uniform_4_4,Xavier Normal_4_4,Random_4_8,IdentityBlocks_4_8,One IdentityBlock_4_8,Xavier Uniform_4_8,Xavier Normal_4_8,Random_4_12,IdentityBlocks_4_12,One IdentityBlock_4_12,Xavier Uniform_4_12,Xavier Normal_4_12,Random_8_4,IdentityBlocks_8_4,One IdentityBlock_8_4,Xavier Uniform_8_4,Xavier Normal_8_4,Random_8_8,IdentityBlocks_8_8,One IdentityBlock_8_8,Xavier Uniform_8_8,Xavier Normal_8_8,Random_8_12,IdentityBlocks_8_12,One IdentityBlock_8_12,Xavier Uniform_8_12,Xavier Normal_8_12,idx
0.6667691326295366,0.6645633354236229,0.6651107875475408,0.6650854585612723,0.6714332793860603,0.6597343668673792,0.6598609944166505,0.6637501805618499,0.6790825686551947,0.669853044467239,0.6655754969458298,0.6674037676659406,0.674286097655483,0.6646782950516407,0.6692806864580445,0.665137137340244,0.6682622390481742,0.6622648210267587,0.6633808175190271,0.6656253177149298,0.6652775666374283,0.6616093484569744,0.6668240275306817,0.6652232385415512,0.6675172885079147,0.6641903314596616,0.6727533005697791,0.6692605107598534,0.6604503111134814,0.666149949630361,0.6619849411228953,0.6647177485040955,0.661625360068346,0.6597034048996571,0.6537968041464481,0.6584537762111617,0.658327955338104,0.6622438689543643,0.6575613208576444,0.6661686163524679,0.6617935718740078,0.6582354663843586,0.6603406924770328,0.6601494046704302,0.6693120497534889,1
0.6600216734994894,0.6608525221784849,0.6615300163566747,0.6609876041780754,0.6610712945025455,0.6548091367042062,0.6564899085750256,0.6555490764588762,0.6586767645091418,0.6614577011504763,0.6627185006441829,0.6628085063461018,0.665583484164075,0.6599229057756136,0.6628716395499075,0.6611926323482022,0.6608682508736596,0.6612443432587378,0.6600316978063229,0.660899020067023,0.6599563841760845,0.6543258819367581,0.6628990009599057,0.660830504036622,0.6617669156967702,0.6587301172180245,0.662021613492473,0.6607961284639011,0.6527422137439005,0.6573600299742067,0.655774730879465,0.6535238614060511,0.6486971628071381,0.6440841981349567,0.625876478906018,0.6464777450016927,0.6421468819229377,0.6487501695518414,0.6455542385284382,0.6550337838444381,0.6555435982771882,0.6464681614730036,0.6472706531184679,0.6446557332826243,0.6569208579071849,2
0.6549353779054974,0.6532631321572214,0.6546836758075969,0.6548882056459476,0.6560333537083625,0.6243440744520863,0.6406362301554601,0.6407564634271006,0.6359378786469747,0.6583508347189361,0.6627185006441829,0.6596538630773405,0.6586894225308315,0.6564581385679671,0.6500216531614359,0.6546064245222551,0.6510652483582524,0.6425988913933108,0.6496501923314745,0.6474528822449319,0.6549296209615537,0.6393308159562384,0.6605525358760542,0.6546151583679647,0.6582746029856665,0.6557830169352029,0.652436805853626,0.6546760313179872,0.625743806861496,0.6472177600417983,0.645413685603251,0.6165053250826747,0.6053848041325287,0.6135704455064172,0.585270062522905,0.6022324656506458,0.6083573215829892,0.6379261041269487,0.589151437460275,0.6087992885306328,0.6469402355567541,0.596768174923779,0.6218256378236171,0.614925415578472,0.6531927241560327,3
0.6396026434504519,0.6492462820179427,0.6434873339606222,0.6380477369925052,0.6265303462690559,0.6049305959647115,0.6210108058256925,0.6248168454380437,0.612899802033967,0.6428631283135297,0.6593383853155167,0.6511951230711917,0.647884687521037,0.634974227579082,0.620516990599419,0.6394582508188547,0.6241918410188246,0.6165190648483184,0.6258883682055906,0.59114252712249,0.6227238573421325,0.6020267113081381,0.6504907688236158,0.6492502180949771,0.6484560064983248,0.6464474366494742,0.6360099602660902,0.6497813781269619,0.5920897194266667,0.6357510238831774,0.6034303144031727,0.5948846216897727,0.5832524795730534,0.5915810070471784,0.5760962264124688,0.5760734770563479,0.5878935259476766,0.6003269950012005,0.5630005389010502,0.5904888065746885,0.616633148211231,0.5868088674173039,0.5855819853816119,0.5813108616998075,0.6339933271340562,4
0.6175714085159221,0.5985585393623295,0.6159886633048345,0.6194141288182214,0.6033887724468986,0.6024048341444262,0.5968200600474228,0.6019161470760657,0.6078545565662582,0.6325444037127749,0.6566422573723066,0.6282934942950804,0.6082488960136447,0.6139995403488989,0.5993012597733209,0.6142961292922601,0.5997267080048575,0.5922869633926314,0.607287932036531,0.574482077150698,0.6002154794954845,0.5906071807306885,0.6438208403378068,0.6335733350719936,0.6196687506559447,0.6113270546186049,0.5999805215486665,0.612977213655449,0.5858613702862068,0.5905488177962671,0.5895172089535514,0.5805363864790688,0.5753505113222819,0.5862899417920793,0.5356203450117019,0.5511480855862539,0.5489760320350775,0.5778215318133879,0.5358634636088065,0.5807007177445724,0.5934615051345913,0.5783405598126926,0.5627584314568113,0.5616325639262203,0.6058576710897001,5
0.6009890156238694,0.5867250663719067,0.5927111980354735,0.583403164877164,0.5964183194043642,0.5955293692152835,0.5706332515723678,0.5994274879754378,0.6019437448834972,0.6114012007090751,0.6397498761759508,0.6098080430368019,0.606237088294503,0.5915957951880985,0.5961470589744584,0.5983672221038959,0.5844503216757067,0.5845489971038724,0.5966073811372631,0.558142849933431,0.57799117757333,0.5768607744859293,0.6302389723881993,0.5915797742425756,0.5814747230546867,0.5900749648267527,0.5801870894307318,0.5933352007965221,0.5761381812523553,0.574931171518608,0.576113827201659,0.5518394477166618,0.5510432596627385,0.5654798958360929,0.5083871358589208,0.5378094649270626,0.5271334619780944,0.5554391181807454,0.5224976621006191,0.5670855256072217,0.5812644326700328,0.5571085042383156,0.5472068584293303,0.5236458636358164,0.5860155379409242,6
0.5973802385278935,0.5646483726895183,0.583664508414521,0.5743551989326527,0.5760496909005044,0.5754018044592762,0.5572924159024276,0.5911621983122896,0.5923563137559605,0.5833442412443316,0.6124939245099817,0.590983107566472,0.6012493664699495,0.5879800375923818,0.5789915857745281,0.5828154097073042,0.5655539861170782,0.5744967518361184,0.5896212316235576,0.5416738978254884,0.5540972263517888,0.5565347435672086,0.5863241799190236,0.5508696838138951,0.5656453591073594,0.5821273388738101,0.5729624668240129,0.5902436758074527,0.5548588842281594,0.5538812854493596,0.5617041477461385,0.5216569850116853,0.5012278280085954,0.5587063665782631,0.4740357434900866,0.5131714036751283,0.476803425923088,0.550182212290052,0.4831193303445009,0.5450807884164243,0.5587278361257495,0.5192238321737195,0.5387129516868071,0.4753664702189766,0.581866858958685,7
0.5900058478266282,0.5220871246808249,0.5699011859427735,0.5471693211969993,0.553275787499786,0.5478007331127449,0.5547655358720459,0.5696933258262956,0.5580546709423135,0.5768833477860075,0.6028104955496867,0.5835970344292052,0.5779834402200976,0.5841469069362082,0.5726367782395447,0.5712750881714628,0.5511242128768531,0.5486069177029863,0.5563866815831188,0.5113219864289343,0.5406429583351461,0.5293804835397784,0.5824348257209613,0.5143408564203585,0.550220155751041,0.5644132090350573,0.5473683580985753,0.5809034431267618,0.5345366799504295,0.5364261712325423,0.5413306553206451,0.4975021104357769,0.4843083892500635,0.531261449525609,0.4408328974157773,0.5104611479515387,0.4731035036146322,0.5414568321384647,0.4621547714228802,0.5253766839435081,0.5178566856096781,0.514497744601283,0.5229414929022069,0.4625196593034241,0.5719044759625062,8
0.5499418647794105,0.4980235699654054,0.5554426743977835,0.5370662219703131,0.5414812295945584,0.5182044536665794,0.5543772162859849,0.5577965066683177,0.5538650238762666,0.5643316505345091,0.5992045631396524,0.5716784126195831,0.5574102321582702,0.581628373064068,0.5484369104296143,0.5501263695237009,0.5221312847014293,0.5374927977285279,0.523047270631966,0.4968767699092447,0.5276447410852676,0.5010535956510316,0.564300357537865,0.5131622896649981,0.5355648763811702,0.5246480333951808,0.5329701795927482,0.5555309256125616,0.5246061903743686,0.5203372357670365,0.5132921735263676,0.435032513035897,0.4683126134360337,0.5102554011457312,0.3981332804157749,0.4734057455010978,0.4687294617622127,0.5112110929595246,0.4519372492146887,0.4929911074666764,0.5065528111345435,0.5035418468567651,0.4427874247397202,0.4504621889297075,0.5397181490303294,9
0.5162531664781124,0.4659907365861355,0.5326509936075338,0.5281579373826188,0.5206564917071614,0.516127148769383,0.5531660733556875,0.5521602836020749,0.5518901636570583,0.5573697449378888,0.594636956054543,0.5538303176538978,0.5515727907842103,0.5490133759258996,0.5374390811432277,0.5288574112429485,0.4934028756540216,0.4927512443032642,0.5163832764825922,0.4849049436062807,0.5197209345229997,0.4678082676995622,0.5432552072785743,0.5102320398801921,0.5254145454049042,0.5194191417394275,0.5281894243835622,0.5427389780764844,0.5068874092084522,0.515736940792255,0.5060728566131434,0.4215243691297878,0.4370121429684122,0.4824923050042816,0.3795582529290157,0.4694003281057617,0.4622500528316087,0.4995719067162714,0.4463612142076305,0.4792643739258639,0.4929801089355097,0.4896360723043111,0.4259100912974404,0.4276449571291387,0.5263110995264205,10
0.5109939864877956,0.4226973399124304,0.5231615179833854,0.5070620315476329,0.499960571490415,0.5142119445962997,0.5408541629660322,0.5505031181597575,0.5448321981812193,0.5509615560426407,0.5900703001158543,0.542268106280162,0.5503375915618922,0.5223602814157793,0.533022876057273,0.4854803452241755,0.455727246738808,0.4781518620830256,0.51297690299627,0.4522258327641807,0.5169629366594519,0.4604577984251503,0.5177242241208452,0.5072930946742732,0.5149460836172721,0.5156168696278778,0.5085249271988019,0.5344475809264572,0.4794074311051313,0.514468491530652,0.4815536965444731,0.4033086388044961,0.3796006231434764,0.4117936493799244,0.3613648829365459,0.4628595864428398,0.447802192019172,0.4816889399586296,0.4394468039460142,0.4586616295548839,0.4639347038090474,0.4148798185098598,0.3988382730754079,0.3968362701575194,0.5099488563872331,11
0.5106232643695776,0.4058708932194686,0.5056419391438549,0.4980779006576133,0.4845140392554351,0.5134339113101234,0.5213974385665279,0.5083283345230994,0.5134579207833007,0.5392990411571613,0.584783261960139,0.5366789721485702,0.5455566840509875,0.5114462316109327,0.5295937073340042,0.4593968796319954,0.4078013938227626,0.4729930623947622,0.5108622414005569,0.3833131773452992,0.504847999925928,0.4510651961225005,0.5004954584407052,0.5060542823835901,0.510895215938949,0.4928473008492033,0.4939118565775098,0.5201147267642096,0.4707889438734897,0.5137271043084162,0.4437604120889875,0.3927719102236552,0.358732705863624,0.3163020859628655,0.3359516488515587,0.4314497645914265,0.4045088842452492,0.4345929512215221,0.4293900620173966,0.3983445143236145,0.3910736168197557,0.371527893964249,0.3596062738163121,0.3326898303734307,0.485302074822995,12
0.5101453254920449,0.3889696907002571,0.4857740456828884,0.4666997120026998,0.4606175724605307,0.5101665621822631,0.5128561281225802,0.507563941334839,0.5095263805140557,0.5209637355449706,0.5526927512605517,0.5262847569123792,0.5270556153268515,0.4998263091688523,0.521439470208057,0.4118147297258997,0.357520819524273,0.4652931128139469,0.5042291007995777,0.364012005798272,0.460275620436522,0.4445187766620839,0.4929200658111121,0.5019745362199788,0.4879334042180837,0.4725326214515172,0.4837404178615241,0.5025253684795192,0.4367671197210753,0.5128921168664194,0.389012421923684,0.3871725541729975,0.3387376184662317,0.2754235139166605,0.2973628820791087,0.3944186588237471,0.2817782680400337,0.4155117491444933,0.3917401230102938,0.3715298720755748,0.3718888817063238,0.3536072664128336,0.2916914623205692,0.270860521116085,0.4398816147373799,13
0.5093224249873637,0.3706756754022596,0.4692858266428552,0.4297862834829747,0.4102809340476342,0.5093135988123729,0.5083085051993839,0.5066371488726493,0.5083633199023622,0.5035641437493986,0.5521299582438589,0.5096325805307085,0.5173311419487813,0.4983047084791438,0.509744496541127,0.4012272703524186,0.3474495836961648,0.4573508318151546,0.4712828968920902,0.3454420045391533,0.3816621135780793,0.4333391257076959,0.4822068631610533,0.4990986310891623,0.4482409584608569,0.4701648126013195,0.4772208946169892,0.4882050055872385,0.3760416064057885,0.5123920564470968,0.3769090320370479,0.3793516107798282,0.3221907769986679,0.2571430379187978,0.2819733183326721,0.3608348720359809,0.170818310929101,0.3676657305849811,0.363254014166873,0.336940554598295,0.365648489221723,0.3502947987417419,0.27978472410959,0.2345033075940215,0.4198562791812184,14
0.505496522452284,0.3681507100506747,0.4661409840847341,0.4057368711906443,0.3855694383039531,0.5080278885087992,0.5049683412792619,0.5057818241562935,0.5081424519744969,0.4886953599521089,0.5508939671002879,0.5022960833052914,0.513666263000875,0.4957340017301399,0.4977249824795314,0.3863666825271346,0.3440431598857607,0.4500405388486267,0.4131409155962102,0.3347032064660778,0.3753142795948929,0.4242835870652209,0.4768729016816315,0.4831556357766985,0.4246240767458131,0.4691250916935865,0.4725214686059865,0.477737255139371,0.3585297295605015,0.4966959980031902,0.3671636993842395,0.365519972174341,0.2951424139058738,0.2397563185397329,0.2572260008200021,0.3106288487896018,0.1632484773479085,0.3462005898033065,0.3329076739666736,0.2553281669318096,0.3589240633020365,0.3364027077461636,0.2733087538343743,0.1745779050755837,0.3895699400348298,15
0.5023530845796417,0.3655360117962122,0.4594529600489766,0.3932758688607458,0.3819539818342022,0.5071620870388505,0.5012229110550106,0.5030783225787733,0.507832799791118,0.4576270841795756,0.5490876595310539,0.4970610779053169,0.5111573280899933,0.4928197025977312,0.4829327585248624,0.379745120173628,0.3416501551252263,0.4374803888319734,0.3991148931472831,0.3022932853435437,0.3716554612834893,0.4078506289864539,0.4725148311063423,0.45690870413017,0.4050767328355698,0.4683669624940694,0.4466620248121231,0.4755575669440099,0.3500023080852159,0.4836323491054742,0.3521465648207452,0.3253151453031068,0.2846552607401713,0.2336366092533681,0.2046302406999328,0.2174234838093887,0.1370812017306142,0.3408119158431476,0.3174986569162623,0.2194072185736102,0.3488221317235804,0.2872623219691149,0.2643090652336141,0.1341621572295056,0.3333977753216229,16
0.4835611859142212,0.3644525218559419,0.455416743860391,0.3761657048774025,0.3337094374639978,0.5063123140840553,0.49835810722809,0.498988789458718,0.5077190487548552,0.4362646163672802,0.5472483115522224,0.4899317629148589,0.5084486551144908,0.4894902706955463,0.4754303913462863,0.3788538138269877,0.3407088483880409,0.4264819948807508,0.3837213188043943,0.2835959637459627,0.367613256736972,0.3726977853874992,0.4673698878986126,0.4012768052445882,0.3951870337026873,0.4583950064569591,0.4315792331410146,0.4740542327204611,0.3473092896967,0.4782759267366292,0.3312148586964053,0.2702582965120341,0.2202329924043781,0.2303803675634458,0.0915409345425762,0.1709239578821891,0.0809161386490148,0.3013358298321197,0.2985159178053926,0.2081263728524881,0.3464412912481019,0.2657803772784395,0.2567512938654169,0.1109203092020243,0.3073156104815295,17
0.3938507827482524,0.3588069391889414,0.4529406601207083,0.3627677393521055,0.3185807445879423,0.5052982679215586,0.4953469404266079,0.4933361167576318,0.5074170213938546,0.4175252504918999,0.5412636575921073,0.4816814422232934,0.5075541414229395,0.4844103439510521,0.4590558368031554,0.3720949681795251,0.3384802927710997,0.4080620089319678,0.3702451534230928,0.2648736673367167,0.3631859859005739,0.3686021922299605,0.4625282226766097,0.3708418009353469,0.3858024984135051,0.4084003041928292,0.4082735530351407,0.4716278969132351,0.3448945955331253,0.4729567820491194,0.3260329374315551,0.2435520031619587,0.191516908402398,0.2281183964147863,0.0317842541734437,0.1335007861148563,0.0312010490537278,0.2029603934236069,0.2916091727123194,0.1876597296496538,0.3426687437301708,0.2587092745077192,0.2524406714242622,0.0327090588251528,0.3020873918112271,18
0.3659768445522101,0.3570928984304088,0.4485444422799367,0.3506195761921299,0.3116150407354523,0.5050368831482622,0.4941099073230975,0.4737725855714012,0.4935393772113471,0.4086452054449184,0.527968549078726,0.4772460259471599,0.506293636337436,0.4809178680242899,0.4493731194562566,0.3643953531849311,0.3292719950190582,0.3802334974383081,0.3624990147491815,0.2499124321626703,0.3585210827167229,0.3662601007697485,0.4522155138570323,0.3644151434209573,0.3798017373459622,0.3958581663863462,0.3765320921134173,0.465935044952952,0.3430914329251777,0.4696137279352795,0.3155792981964282,0.2354407672399359,0.1671586570485148,0.2218202637406555,0.0082895598156959,0.1285972341525571,0.0089858160151517,0.1296164958029078,0.2838042081310891,0.1586588769290134,0.3368005957679519,0.2493438092572504,0.2458495175175963,0.0032683387500677,0.2918285608203702,19
0.3588673681723109,0.3529526545049141,0.4419597401879903,0.3458531740937793,0.2888083039683802,0.4979228937789707,0.4922119041052266,0.4613524776337814,0.4831536520189787,0.3982015076238329,0.5200224375658867,0.4730042325411622,0.5028006246357729,0.4696657902961047,0.4460767695360035,0.3568946569169373,0.3183240628994413,0.3340240683770934,0.3566658529809974,0.2174487315691035,0.3572846967848971,0.3479645712427079,0.4317067952753896,0.3554344914814922,0.3746626357401958,0.3855230842355006,0.3745211711596873,0.4589081799611846,0.3344359937659682,0.4539620062033674,0.3020382909146614,0.2281857138895288,0.1312006159212001,0.2131214257173777,0.0035284481046322,0.1215705039970074,0.0035744545931207,0.1095088002565083,0.2688719596558349,0.0929632631524088,0.3218984287024469,0.2356452310005246,0.2264720439712754,0.001181098351323,0.2868505486528381,20
0.3563891750232557,0.3456184628052207,0.434418065512521,0.3435877598572947,0.2561483564385761,0.4591623702658977,0.4914404277551502,0.4532610843884302,0.471133820785492,0.380887022482901,0.5130317291343042,0.4689881172467045,0.4957297372529281,0.4472048595281994,0.4390848634042208,0.3508082404611216,0.3034989401150423,0.3183852191166139,0.350892544802792,0.2077565824594307,0.3557967535857165,0.3380122661134288,0.3957944411129716,0.3542948015468597,0.3456871446563051,0.3778205495429973,0.3712338480761205,0.4239374743927256,0.3244257541408318,0.444513783245682,0.2840434698292378,0.2202848229172649,0.055140539369858,0.1916463799777438,0.0018744969641209,0.1188238668780914,0.0014811316912043,0.0894064413200901,0.2295123404342682,0.038049002854024,0.3081905018566688,0.2141261896064968,0.2078210417893657,0.0007112242995294,0.281560038544547,21
0.3552372115122802,0.3391368549255227,0.4263910060479018,0.3419091265349477,0.249155230673937,0.4221729079455797,0.4884433414939919,0.448196832817149,0.4635861397025029,0.3779949374968577,0.5084269318798562,0.4638139719091366,0.4844404902206942,0.4306072469685983,0.4365308177480602,0.3395551586394489,0.2817479847274147,0.3054999796106393,0.3399141176903404,0.2065814897893335,0.3546204866602375,0.3053592400347931,0.3691978186414509,0.3505619484614577,0.2634306647110292,0.3602414936875875,0.370288214536295,0.3922183412915526,0.3139501694902675,0.4396651973987492,0.2445682290534105,0.2050113185146234,0.0203463484692728,0.1153016091897794,0.0011828451557903,0.1156172846344335,0.0006099455669693,0.0543560142091888,0.1194371679340061,0.0184822100867324,0.2888565190086846,0.1717699140674198,0.1877261644555143,0.0003348363793595,0.2740278336778142,22
0.353198327132829,0.3348909475397398,0.4255365114594996,0.3405244633892323,0.2464381221290673,0.4031627362037108,0.4871700534585537,0.4427839828178917,0.4286242543310155,0.373193364492362,0.5070896707167275,0.4529663778806486,0.4494777944292806,0.4252806815103572,0.4268881300621694,0.3135326355383907,0.2226372175561019,0.2900863860349688,0.3236350414228339,0.2041763834347385,0.3536131631444509,0.2728718573922519,0.3559474228601135,0.3386525316685846,0.2112099798490824,0.3500878062112599,0.3695164413813481,0.3670893191750262,0.2878767006267129,0.4302753689318662,0.1793061724983137,0.1732331842981997,0.0083635424903,0.0264816310170554,0.0005008018517833,0.1118817630651328,0.0003528071340424,0.0281185101513897,0.0242943589740735,0.0051810457019313,0.2629105542224689,0.0962309891774084,0.1523299544621934,0.0001797899445693,0.2668246951308911,23
0.3469794500907055,0.3271082998459442,0.4237168828326016,0.340383778425272,0.2386916773490162,0.3979185027114353,0.4863336644964847,0.4345202199810737,0.4210837494148101,0.3704786521210612,0.5008207738224077,0.4495614755369267,0.4265286457624589,0.4178314110192017,0.386634912781746,0.2976724627875289,0.19865607055656,0.2564464099853158,0.2989238379949281,0.2001910865417267,0.3513547550843403,0.2193516318010899,0.329285758490661,0.3162791324306512,0.2006110331087916,0.3425430786776901,0.3688598440580024,0.3464007128390868,0.2701542328387717,0.4041540877753297,0.1273176597756744,0.1360576018616267,0.0044778337730412,0.0077621519787959,0.0003197821941429,0.1091196316530215,0.0001964583570258,0.0154999097890158,0.00601719268812,0.0014143642033835,0.2322535274160068,0.0333534952870379,0.1220421769273139,0.0001336606587032,0.2613089437051721,24
0.3346867590807179,0.3096869476196127,0.4228497260899357,0.3399642130908999,0.22746479491282,0.3923136128260337,0.4842446248248188,0.4237035042109487,0.4163704392516535,0.3690789311225794,0.4877707777249184,0.4431328509313531,0.4128154068502777,0.4124828532347723,0.3811584331863886,0.2808805546562442,0.1695444305385418,0.2357498968236432,0.2742824510211863,0.1934845571745721,0.3472753293562979,0.2128556112759847,0.303780967834275,0.3072056711755674,0.189743704691586,0.3261007994503453,0.367893187455613,0.3335577725314948,0.2355961932026753,0.3683025410625168,0.0474265808279145,0.1211515987141393,0.0026984824227126,0.0044472066876361,0.0002461767779574,0.1045220367383555,0.0001405086676061,0.0067856331350566,0.0013915346285471,0.0005165842302898,0.1358900053582486,0.0081984367589107,0.0823565599645358,7.697195897452104e-05,0.2200776670808054,25
0.326702364940484,0.2520483226208713,0.4224474376546427,0.3399589840251211,0.2212648527111248,0.3896229468959983,0.4811135903242672,0.4195318377714866,0.4020967834379588,0.3683961183118582,0.4735648406949254,0.4389208613441822,0.3654037075558284,0.4041296047997488,0.3789468037602812,0.2598319452782753,0.1496893668437848,0.2295992664739339,0.2454520957919644,0.1821786922968208,0.3333997756842843,0.2048990340222234,0.2636605564896999,0.2973009220866001,0.1718203881396736,0.2857494097228625,0.3672232994883679,0.3107627627087,0.2196430456294325,0.3621478118656095,0.0127323948275732,0.1063375755543165,0.0012117229002287,0.0021334359522124,0.0001413623541921,0.0952704442558013,0.0001254800528078,0.0024354840225154,0.0005235922134395,0.0003609887347111,0.0506102709857013,0.0012432699080245,0.0101521954306947,5.931532118365572e-05,0.1571069551096292,26
0.3052079957105154,0.2020125000765391,0.4215152493545701,0.3399589840251211,0.2137606919289633,0.3877359887718279,0.4771707662777271,0.4143106899353744,0.3956296380355063,0.3675814131468284,0.447764493062629,0.4378944770674559,0.3371321714990118,0.3907364343572237,0.3779274439220498,0.2503373776033721,0.0519232275843014,0.2246635790037243,0.2231739472581449,0.1745677349150783,0.3063126633115381,0.2005587792059104,0.2343972483283194,0.2845044033862541,0.1573817565666389,0.2526895706219507,0.3655249441795626,0.3037328891378751,0.212770431254711,0.3596223837903752,0.0054428280170232,0.0297833614942499,0.0006328106311459,0.0012214385315527,8.125348407977566e-05,0.0879308042506035,0.0001204683636566,0.0016799775933282,0.0002417808426852,0.0002248262584477,0.0156295162388457,0.0003481356997617,0.0048751588538874,5.059109719108258e-05,0.0400650019183073,27
0.2975203698188678,0.1913911475788577,0.419119675612837,0.3399589840251211,0.1992949663320427,0.3834539753153109,0.475546818643001,0.4101078459336068,0.3924506075515422,0.366398038566768,0.4296354103406179,0.4345264990757614,0.3341311866967825,0.379026309375965,0.373101491185452,0.2342022393307742,0.0225148139706289,0.2136259856060064,0.2168809978615958,0.1575306446352235,0.2861664501611643,0.1965240919317947,0.1995296792338651,0.2533339482254972,0.1430960518528534,0.2240279368934936,0.3642941578110421,0.2966907069425292,0.2053024592870286,0.3424363805047721,0.002823914492652,0.0153154827998568,0.0005100600268086,0.0007599152938584,6.094773493770034e-05,0.0746754654853813,0.0001117629633488,0.0012217497473443,0.0001592367349681,0.0001825417696025,0.0085425169129074,0.0003143699290996,0.0017707980063494,3.232404356316879e-05,0.0143024981334182,28
0.2880224672611404,0.1787449853857385,0.4171301613912975,0.3399589840251211,0.1958530113736132,0.3804306152192004,0.4729986417487604,0.4025459718133918,0.3881335666375126,0.3654492324902459,0.4204528426184807,0.4303914094433386,0.3316557549065632,0.3702619851683082,0.3701248070692617,0.2108103503885204,0.0146093518486021,0.2037912640191984,0.2088260503948174,0.1473789580509701,0.261057380016664,0.194539697546951,0.1771514433924098,0.2397367370080575,0.1163569331930695,0.1822926285260345,0.3633043977822859,0.2462100785142532,0.2009932445202924,0.3144466239240606,0.0024424786744105,0.0074886311575598,0.0003086869103761,0.0004280447098799,4.543109999525716e-05,0.0565797283648203,0.0001046233090163,0.0007022835266902,0.0001256648668385,0.0001379077679042,0.0045218584274557,0.0002428198118196,0.0010959733002053,2.8613697279322147e-05,0.0049521496407178,29
0.2683715766785077,0.1503937384067159,0.4091550537240538,0.3399589840251211,0.1940217561018843,0.3765035742446445,0.4705636825402088,0.3943295036722545,0.3838424075343019,0.3640509827086389,0.411711549179278,0.4229461160712601,0.3306413080694483,0.3541405605852267,0.3623023887560493,0.1737708746306232,0.0115976156712641,0.2023741184466516,0.1942685312499078,0.1291329961313082,0.2252303559941578,0.1890707074216247,0.1399814824467053,0.2289967521330791,0.0830755030756133,0.1377207010630737,0.362590722751812,0.230496031183984,0.1946369483568747,0.3001220013880392,0.0014740058313979,0.0039959789577364,0.0002244243587238,0.0003685383837239,3.903273887656332e-05,0.031872531550937,9.588911104410828e-05,0.000411264090501,7.225158803496527e-05,9.981244683492275e-05,0.0030668624912698,0.0002008816540567,0.0008069458491607,2.743339730497536e-05,0.0024864272495223,30
0.2361400857934919,0.1361652880818188,0.3976837874488376,0.3399589840251211,0.1887293002735246,0.3703544845059009,0.4626426872339497,0.3807344569075901,0.3816933288436234,0.3627676535875618,0.4101042318386488,0.4181845767925407,0.3284463389415878,0.3428691411664609,0.3273693993098628,0.140030989335443,0.008509583669835,0.1733184091903985,0.187166417700886,0.0634278454225737,0.1815888940053002,0.1835075170494374,0.1101329371737035,0.2137591134841245,0.0566505340165288,0.0719258807594132,0.3604415525246979,0.2187882212399542,0.1768676366893365,0.2932911963169019,0.0011326640657944,0.0014977582275411,0.0001164901258473,0.0002931641204321,3.524352352376503e-05,0.0138979950842336,7.927564864888569e-05,0.000315961028264,5.626130565843582e-05,7.703073725677768e-05,0.0022580432317176,0.0001740310913813,0.0003970767560662,2.4206027883386123e-05,0.0009999745939028,31
0.2228706315670111,0.12734616578761,0.3741929913082005,0.3399589840251211,0.1824749794119007,0.3660417404682974,0.4396481908550764,0.3768581361846574,0.3743007132909756,0.362221950316043,0.4055755319589681,0.4100944966403008,0.3263931304434053,0.3324126471833092,0.303208970670594,0.1226579847369107,0.0072893779269119,0.0435872828567375,0.1814181661121744,0.0413664758946468,0.1476097867313884,0.1639609096062628,0.0428027394085183,0.1707798658524186,0.0277010528480298,0.0337460657701847,0.3591633664795731,0.2109303188423998,0.155597025024742,0.287491550143295,0.0009918158436509,0.0011109831600037,7.02297889784154e-05,0.0001840892323435,3.337659135024547e-05,0.0043666946706344,6.067069549885447e-05,0.0001719561157891,3.489221841143758e-05,6.427039899949179e-05,0.0017224357664729,0.000152102990823,0.0003225268944323,2.417056111768057e-05,0.000303957359882,32
0.2155659941371836,0.1203254415579659,0.3604936203923146,0.3399589840251211,0.177605983547268,0.3593330174085336,0.3889526155189577,0.3754950815578706,0.370584408919142,0.3591502004968434,0.4015866994202359,0.3889923642472679,0.3232728817799081,0.3211366602703044,0.2996538976182648,0.1111589786111971,0.0067524079509883,0.0265069349409773,0.173228369508129,0.0313961333571772,0.1407356462497744,0.145086243208816,0.006479886177686,0.1048651191196152,0.0098330271732934,0.0204551923281794,0.3559237847872563,0.2000988800666694,0.1269854790671351,0.2800648000200065,0.0009208379520782,0.0008264557161084,5.813413873318071e-05,0.0001615494273783,3.31750081154721e-05,0.0024326261439957,4.841943953865915e-05,0.0001124335454378,2.456116198451792e-05,5.651817244855028e-05,0.0009907630153675,0.0001315497864946,0.0002449790097251,2.367820992992908e-05,0.0001398042952382,33
0.203968862870227,0.1136189901020839,0.3508876236553019,0.3399589840251211,0.1744064378841038,0.3321985151497184,0.3629188417332675,0.3733602223867305,0.3624502296881404,0.3553166476211294,0.3953882302471807,0.3859451592403395,0.3189784424261663,0.3004436225730711,0.2983399995004269,0.0992963154249271,0.0061397608406083,0.0203913643158927,0.1589722715265452,0.0207265026668995,0.126538537641478,0.1139164216744112,0.0040106352722382,0.0562433204650433,0.0041171295838463,0.0150047792371725,0.3469056490761371,0.1944588274125028,0.068546899116431,0.2725066768051453,0.0008090906211582,0.0005865114367791,5.020725149746087e-05,0.0001525004009277,3.3163642329962894e-05,0.0012213448508857,4.648338949122304e-05,8.549630020298207e-05,2.304012684389711e-05,4.833212943368293e-05,0.000815753175201,0.0001056825362416,8.423994644036494e-05,1.9623606400561128e-05,8.344393640049747e-05,34
0.2021978957893654,0.0995027071525563,0.3428071341995686,0.3399589840251211,0.1733758815812076,0.3206960239453778,0.3544754134053123,0.372103575208282,0.3554078907827441,0.3487258055981242,0.3891157059987591,0.3822174961598816,0.3085667731686941,0.291647426343781,0.2976957417398438,0.0528530911808979,0.005708602401013,0.0182152745390082,0.1500542223581007,0.0109156618430057,0.113895814510395,0.0859912346195241,0.0032733292476954,0.0319310142248425,0.0021262546246305,0.0098465205739241,0.3208003158664295,0.1835387822658565,0.0109848228953825,0.2631619226230513,0.0007828487568258,0.0004316107747024,4.838416156087724e-05,0.0001485481846869,3.3163642329962894e-05,0.0006634315415859,4.6291628918060365e-05,6.967250079508528e-05,1.9726488166557132e-05,4.212678941740143e-05,0.0006270943500458,8.999020903349272e-05,5.484022598274993e-05,1.9052797457552494e-05,2.824511022687496e-05,35
0.2006396469074377,0.0836557050703036,0.3386012122331067,0.3399589840251211,0.1726749710518949,0.3136827371683576,0.3493678374281408,0.3701290192704088,0.3416573375507242,0.3336873569353137,0.3870555450001804,0.3774816342586342,0.2807135812714055,0.281592924880779,0.2969226670724627,0.0273879903225495,0.0050158755912902,0.0159438447897125,0.1295009480552992,0.0074198431221496,0.0963121976040716,0.0558843569873253,0.0021902186306714,0.0233147910477284,0.0008657179214094,0.0062852377681522,0.3143403606890678,0.1608533095053244,0.0021664345154714,0.2621399951427421,0.0006692143784359,0.0003909010155492,4.662237681208969e-05,0.0001401872831144,3.3163642329962894e-05,0.0004679928554082,4.6291204922840064e-05,5.713071483904887e-05,1.3439196162843067e-05,3.828644057227334e-05,0.0004025143375817,7.051882171431713e-05,4.633796269542072e-05,1.681611952397287e-05,2.517627605066639e-05,36
0.2000770163340082,0.078507039735489,0.326276722507516,0.3399589840251211,0.1711872409887292,0.3087385188454548,0.3387510268163396,0.3673121407665196,0.3240712308395371,0.2810353723490707,0.3865050202548842,0.3705194622927033,0.2699166145485623,0.2703321188125723,0.2963194856681388,0.0173608341899843,0.0044057014130227,0.0120239900098809,0.1177372068942608,0.0036199638334862,0.0725668506074416,0.0442618726416753,0.0009171529156389,0.016840854965432,0.000565162649766,0.0047664062184507,0.3086131739607345,0.1065773130470334,0.0008889213552901,0.259909137025238,0.0004824160432437,0.0003027385213312,3.705176680155178e-05,0.0001327946079275,3.3163642329962894e-05,0.0002966830010782,4.629053639347589e-05,4.93330903453643e-05,1.3439196162843067e-05,3.354407085137549e-05,0.0002622275205874,5.903042434164579e-05,4.108670442274607e-05,1.5367329229185828e-05,2.2558731839981818e-05,37
0.1994179813724662,0.0764066106618005,0.3177719493601224,0.3399589840251211,0.1684250438624193,0.3021420768455358,0.3327495419066367,0.364832691244486,0.2935014305287096,0.260396754653788,0.3849299112578447,0.3626692423655033,0.2522092213503856,0.2642946918032438,0.2944721746092941,0.0151492869012713,0.0040487888969234,0.0082050694750605,0.1117593712525134,0.0027978284184933,0.0687645553675585,0.0339127719949866,0.0006840649889111,0.0140247660844663,0.0004240506392538,0.0030885059964772,0.3054062974979741,0.0661838090732152,0.0006845715262267,0.2571316047764448,0.0004025690800304,0.0002703518965574,3.090676324076326e-05,0.0001250066485819,3.3163642329962894e-05,0.0001790947012513,4.488717807414657e-05,4.654323585198751e-05,1.3439196162843067e-05,2.883528566688299e-05,0.0001738938314924,5.236295480937718e-05,3.7874700020096966e-05,1.4183802428544446e-05,2.22905723102537e-05,38
0.1986179142090751,0.0747362951622369,0.3097642142286267,0.3399589840251211,0.1656725083825085,0.2941821556503273,0.3213662921545137,0.3619737948117261,0.2807208803870743,0.2480313171877547,0.3812034384531617,0.3545996506719948,0.2435896293374443,0.246514169752058,0.2914413817319846,0.0100171807092771,0.0034303024513616,0.0050886480653419,0.1037778235010951,0.0019659584669431,0.0612618812890467,0.021107602240509,0.0005460966424295,0.0125991224783795,0.0002910893929864,0.0017761709107237,0.3026358318559258,0.0363944074055103,0.0004490651023229,0.2537919057005187,0.0003460690103503,0.0002602613323423,2.207790952307857e-05,0.0001127911771842,3.3163642329962894e-05,8.862211070175121e-05,4.402518887223208e-05,4.6253523627429454e-05,1.3439196162843067e-05,2.70501388325813e-05,0.0001497312325637,5.107323133110276e-05,3.2325681057354074e-05,1.3744325263797127e-05,2.22905723102537e-05,39
0.1973537868666806,0.0740266913189855,0.2961426567242566,0.3399589840251211,0.1643847791592586,0.2893925459844452,0.3152340735501901,0.3564122702199397,0.2761629997116802,0.2424667527303243,0.3776578240241247,0.3524881590936955,0.2403692040366607,0.2276826065415712,0.2871726188777848,0.0083767390762853,0.0026298479209308,0.0031093052971512,0.0966739686127099,0.0018288997255527,0.052048832538516,0.0130079363525173,0.0003477125703764,0.008559052197439,0.0002667698356645,0.0011820871198709,0.299732691933239,0.0235169330288979,0.0003675734665976,0.2490515956259555,0.0003080915249453,0.0002325886081043,1.7967351453103388e-05,9.76336028126488e-05,3.3163642329962894e-05,7.196305299379023e-05,4.402518887223208e-05,4.624155474560313e-05,1.3439196162843067e-05,2.5522985308817498e-05,0.0001361050587711,4.706767735075603e-05,2.835375071939324e-05,1.332298348216884e-05,2.22905723102537e-05,40
0.1967028711853418,0.0728862627448618,0.2689475219403291,0.3399589840251211,0.1624603304078119,0.2834205020911001,0.3114646471074988,0.3546687817953504,0.2735623349814744,0.2396544762381766,0.3758952201223545,0.3464441426310404,0.2262543888997918,0.2204185983789791,0.2834477947848323,0.007966425454764,0.0015495106125883,0.0020162521219567,0.0816496164165876,0.001590190760125,0.0396719670775461,0.0068900112180727,0.0002226505474044,0.0069454640593111,0.000260201302085,0.0008768906703464,0.2952955232403887,0.0142922845659345,0.0002617536804663,0.2215461777010415,0.0002816786260619,0.0002251826131182,1.6951456458928663e-05,9.157451252616946e-05,3.3163642329962894e-05,6.688864264929732e-05,4.402518887223208e-05,4.6143271679975095e-05,1.3439196162843067e-05,2.523479400599854e-05,0.0001116628160232,4.243845041305928e-05,2.609588030454211e-05,1.3311876632473318e-05,2.22905723102537e-05,41
0.1945390244532565,0.0698737895802218,0.2570819825985889,0.3399589840251211,0.1614113129379942,0.2801323767015989,0.3035376057366719,0.3508839703776559,0.2715187041293393,0.237611307377378,0.3728242912891814,0.3371984412701653,0.219841048113212,0.199150833630346,0.2811324920886865,0.0075710218517307,0.0010389782050727,0.0017319807565205,0.0681986041045197,0.0012730013281379,0.0293089172954108,0.0027131035283533,0.0001690179888468,0.0049202752753913,0.000260201302085,0.0008415864820438,0.288055428215671,0.0075365030186469,0.0001345642542147,0.1592278070059692,0.0002453984917471,0.0002039863223374,1.6372664053168642e-05,7.868993261485002e-05,3.3163642329962894e-05,6.577266537770674e-05,4.402518887223208e-05,4.609624081768605e-05,1.3439196162843067e-05,2.520177522826657e-05,9.986554749449376e-05,4.05868997287613e-05,2.411936709751332e-05,1.331180860687499e-05,2.22905723102537e-05,42
0.1934150273779143,0.0673949803860772,0.2494536856944387,0.3399589840251211,0.1589207474980161,0.2733417241021035,0.2976944969050984,0.3407078914169585,0.2678205913186105,0.2342325097258945,0.3712448463336452,0.3104729536343848,0.2156853882539145,0.1902330241874981,0.2756045346778061,0.0066557159513625,0.0005581633936869,0.0010008059267258,0.0544868631723366,0.0012376069079355,0.0217303551732462,0.0020332893980219,0.0001661856770005,0.0042452247846995,0.000260201302085,0.0007335586258763,0.2820260785106903,0.0048991673729539,0.0001061492560988,0.0859042231603491,0.0002374071257228,0.0001830199879951,1.4542154965739304e-05,7.679928178348373e-05,3.3163642329962894e-05,5.652501194079119e-05,4.402518887223208e-05,4.580107796464412e-05,1.3439196162843067e-05,2.520177522826657e-05,9.26060161467581e-05,3.729496314668972e-05,2.262428822554041e-05,1.331180860687499e-05,2.22905723102537e-05,43
0.1924230540352729,0.0666504843032051,0.2330634978549766,0.3399589840251211,0.1562511327485118,0.2658601753592143,0.2907458981263195,0.318868839954431,0.2664905883204694,0.2338882252063971,0.3698660326888044,0.3021707237968196,0.2044838223108115,0.1879806163322303,0.2617206828590411,0.0050009659080624,0.0003389541202065,0.0008001080781984,0.0408103406062783,0.0011891077994718,0.0139912241848038,0.0016892749114409,0.0001528895913189,0.0038486502960403,0.000260201302085,0.0007095861142273,0.2747405549508599,0.0033088351318499,0.0001061492560988,0.0416118227233828,0.0002216224290483,0.0001568288406026,1.3253965954560556e-05,6.844013226041611e-05,3.3163642329962894e-05,3.334125494424264e-05,4.402518887223208e-05,4.463445858691877e-05,1.3439196162843067e-05,2.520177522826657e-05,8.860770416759862e-05,3.170739443063127e-05,2.19631904833323e-05,1.331180860687499e-05,2.22905723102537e-05,44
0.1919144643577562,0.0628373051583242,0.2226247228702722,0.3399589840251211,0.15557472506921,0.2540403201625603,0.2821500066129441,0.3125243446737795,0.2651396596252608,0.231517510611433,0.3688543514525764,0.2759848277136988,0.191543251616665,0.1863257645864496,0.2501072837075287,0.0044706478831515,0.0002768376694505,0.0006364883885081,0.0334683992598302,0.0011521797775355,0.0067761416739792,0.0011336445921305,0.000152003969845,0.0030234686920892,0.000260201302085,0.0005652931496525,0.2669971329691421,0.0026707686847188,0.0001061492560988,0.0164514353172418,0.0001832927432153,0.0001359045549879,1.3206465421045696e-05,6.294889280115108e-05,3.3163642329962894e-05,2.3063572700925172e-05,4.402518887223208e-05,4.028095951634865e-05,1.3439196162843067e-05,2.520177522826657e-05,8.268300106435322e-05,2.6678277043189724e-05,2.1240695744835194e-05,1.331180860687499e-05,2.22905723102537e-05,45
0.1915044114920966,0.0620290867531943,0.2054955230894734,0.3399589840251211,0.1553648969361724,0.2412454785778739,0.2728395498489968,0.3082066443013037,0.2615667097683194,0.2273570587279929,0.3684636171676179,0.2724053908181678,0.1866501993208575,0.1819849853909782,0.2451182054438192,0.0037257075841431,0.0002642222331313,0.0004534708939058,0.0209946187848726,0.0011425195175808,0.0032829801999973,0.0010579524109028,0.000152003969845,0.0028163010598489,0.000260201302085,0.000232356898803,0.2619536038979745,0.0020294249196939,0.0001061492560988,0.0090359566285754,0.0001705597927659,0.0001227213012398,1.2456095531041837e-05,6.05526845240422e-05,3.3163642329962894e-05,2.212375388199954e-05,4.402518887223208e-05,3.755654689714339e-05,1.3439196162843067e-05,2.520177522826657e-05,8.090620422849685e-05,2.370377650496536e-05,2.1139866393151573e-05,1.331180860687499e-05,2.22905723102537e-05,46
0.1913309070127478,0.061155022032941,0.2006640416052343,0.3399589840251211,0.1547239677482367,0.2285983253172505,0.2685755703828802,0.302763084485033,0.2584502217263338,0.2241124692752979,0.3680863191055089,0.2618606301440164,0.1814080291563503,0.1787160558233327,0.2426715679884792,0.003152589620929,0.0002041201513756,0.0003461034461934,0.0145126101692858,0.0010991843194268,0.0022578880209085,0.0010309297688373,0.000152003969845,0.0025013230158084,0.000260201302085,0.0002176939530829,0.255312059681668,0.0017488339073396,0.0001061492560988,0.0052254991465176,0.0001552912692857,0.0001081342440069,1.1413784432354795e-05,5.964050802521289e-05,3.3163642329962894e-05,2.212375388199954e-05,4.402518887223208e-05,3.735796395712516e-05,1.3439196162843067e-05,2.520177522826657e-05,6.9476476800206e-05,2.0999873378150166e-05,2.1139866393151573e-05,1.331180860687499e-05,2.22905723102537e-05,47
0.1911136434397415,0.0606675645525159,0.1975292874388693,0.3399589840251211,0.1541247545823089,0.2211952983322575,0.2654551818580449,0.2988043609360101,0.2539584748336952,0.2227533183741847,0.3655230549540329,0.2575037138394378,0.1712572871621052,0.1767608956382019,0.2391592662038404,0.0028025872085716,0.0001523016163432,0.000327859679548,0.0096155152271282,0.0010128251919007,0.0014738424985451,0.0007840730207333,0.000152003969845,0.0015657169443352,0.000260201302085,0.0002083361529153,0.2513649674861491,0.0014535063203628,0.0001061492560988,0.0032678583813161,0.0001473602183492,9.819854234846336e-05,1.062109840107627e-05,5.700115027855025e-05,3.3163642329962894e-05,2.212375388199954e-05,4.402518887223208e-05,3.735796395712516e-05,1.3439196162843067e-05,2.520177522826657e-05,6.0400989868105e-05,1.906132659266332e-05,2.1139866393151573e-05,1.331180860687499e-05,2.22905723102537e-05,48
0.1901871685991109,0.0600471048317431,0.1961704198389725,0.3399589840251211,0.1539067795467331,0.2154144087496953,0.2630629951770866,0.287172825524985,0.2497880355717064,0.2217361486494296,0.3627460321382519,0.2540989249674529,0.1687496356184206,0.1744828593291079,0.2357393924069925,0.0021614848688967,0.0001382774296803,0.0002968208174565,0.0065944325098788,0.0009843541792138,0.001095239110963,0.000687081706243,0.000152003969845,0.0012543303551448,0.000260201302085,0.0002011659163214,0.2417330106578752,0.0013455135901457,0.0001061492560988,0.0021285954651937,0.0001349176535365,8.577432691501295e-05,1.0411911473957778e-05,4.9265400161552416e-05,3.3163642329962894e-05,2.212375388199954e-05,4.402518887223208e-05,3.735796395712516e-05,1.3439196162843067e-05,2.520177522826657e-05,5.750024193329421e-05,1.7288220472774404e-05,2.1139866393151573e-05,1.331180860687499e-05,2.22905723102537e-05,49
0.1895015913511638,0.0590609677993796,0.1946308465586028,0.3399589840251211,0.1533307272541829,0.2107437124043753,0.2615483726265319,0.2789804132770475,0.2437408599278796,0.2206670643841427,0.3551786376633018,0.2090115158105417,0.1653602744992943,0.1722986128121442,0.2317556164214012,0.0012631341757753,0.0001382774296803,0.0002865096872035,0.0048177958288821,0.0009276903448291,0.0008735147298206,0.0005457515278059,0.000152003969845,0.0010471872048906,0.000260201302085,0.0001873630971621,0.2381449009681035,0.0012045829259502,0.0001061492560988,0.0011594031871262,0.0001186387208808,8.185708895397888e-05,9.625512471664677e-06,4.496922242598157e-05,3.3163642329962894e-05,2.212375388199954e-05,4.402518887223208e-05,3.735796395712516e-05,1.3439196162843067e-05,2.520177522826657e-05,5.409082554684021e-05,1.7033040475429243e-05,2.1139866393151573e-05,1.331180860687499e-05,2.22905723102537e-05,50
